{
  "allowHttpBackend": false,
  "backendCommand": "",
  "backendFolderName": "",
  "certificateExceptions": [],
  "extensionViews": [
    {
      "channelId": "178149138",
      "configurationAnchor": "panel",
      "displayChannelName": "beakie",
      "features": {
        "isBitsEnabled": false,
        "isChatEnabled": false,
        "isSubscriptionStatusAvailable": false
      },
      "frameSize": {
        "width": 1280,
        "height": 720
      },
      "id": "1",
      "isPopout": false,
      "label": "1",
      "linked": false,
      "linkedUserId": "",
      "orientation": "Portrait",
      "type": "panel",
      "viewerType": "Broadcaster"
    },
    {
      "channelId": "178149138",
      "configurationAnchor": "panel",
      "displayChannelName": "beakie",
      "features": {
        "isBitsEnabled": false,
        "isChatEnabled": false,
        "isSubscriptionStatusAvailable": false
      },
      "frameSize": {
        "width": 1280,
        "height": 720
      },
      "id": "2",
      "isPopout": false,
      "label": "2",
      "linked": true,
      "linkedUserId": "265737932",
      "orientation": "Portrait",
      "type": "config",
      "viewerType": "Broadcaster"
    }
  ],
  "manifest": {
    "anchor": "panel",
    "assetUrls": [],
    "authorName": "Beakie",
    "bitsEnabled": false,
    "canInstall": true,
    "configUrl": "https://localhost:8080/config.html",
    "configurationLocation": "none",
    "description": "A simple and easy integration for streamers to showcase their MAL information as a twitch extension, so you dont need to leave the fun of the stream!",
    "eulaTosUrl": "",
    "hasChatSupport": false,
    "iconUrl": "",
    "iconUrls": {},
    "id": "w31mkd2ijawq6agtwbq84jr7z5p3d7",
    "installationCount": -42,
    "liveConfigUrl": "",
    "name": "MAL-Viewer",
    "panelHeight": 300,
    "privacyPolicyUrl": "",
    "requestIdentityLink": false,
    "requiredBroadcasterAbilities": [],
    "screenshotUrls": [],
    "sku": "",
    "state": "Testing",
    "subscriptionsSupportLevel": "none",
    "summary": "View {user} MAL information.",
    "supportEmail": "beakiebusiness@gmail.com",
    "vendorCode": "",
    "version": "0.0.1",
    "viewerSummary": "",
    "viewerUrl": "https://localhost:8080/panel.html",
    "viewerUrls": {
      "panel": "https://localhost:8080/panel.html"
    },
    "views": {
      "panel": {
        "viewerUrl": "https://localhost:8080/panel.html",
        "height": 300,
        "canLinkExternalContent": false
      },
      "config": {
        "viewerUrl": "https://localhost:8080/config.html",
        "canLinkExternalContent": false
      }
    },
    "whitelistedConfigUrls": [],
    "whitelistedPanelUrls": []
  },
  "frontendCommand": "",
  "frontendFolderName": "C:\\Users\\seknz\\Desktop\\MAL-Viewer",
  "name": "MAL-Viewer",
  "version": 2
}