{
  "allowHttpBackend": false,
  "backendCommand": "",
  "backendFolderName": "",
  "certificateExceptions": [],
  "extensionViews": [
    {
      "channelId": "265737932",
      "configurationAnchor": "panel",
      "displayChannelName": "beakie",
      "features": {
        "isBitsEnabled": false,
        "isChatEnabled": false,
        "isSubscriptionStatusAvailable": false
      },
      "frameSize": {
        "width": 1280,
        "height": 720
      },
      "id": "3",
      "isPopout": false,
      "label": "noconfigsaved",
      "linked": true,
      "linkedUserId": "265737932",
      "orientation": "Portrait",
      "type": "config",
      "viewerType": "Broadcaster"
    },
    {
      "channelId": "265737932",
      "configurationAnchor": "panel",
      "displayChannelName": "beakie",
      "features": {
        "isBitsEnabled": false,
        "isChatEnabled": false,
        "isSubscriptionStatusAvailable": false
      },
      "frameSize": {
        "width": 1280,
        "height": 720
      },
      "id": "4",
      "isPopout": false,
      "label": "",
      "linked": false,
      "linkedUserId": "",
      "orientation": "Portrait",
      "type": "panel",
      "viewerType": "Broadcaster"
    }
  ],
  "manifest": {
    "anchor": "panel",
    "assetUrls": [],
    "authorName": "Beakie",
    "bitsEnabled": false,
    "canInstall": true,
    "configUrl": "https://localhost:8080/config.html",
    "configurationLocation": "hosted",
    "description": "A simple and easy integration for streamers to showcase their MAL information as a twitch extension, so you dont need to leave the fun of the stream! \n\nIts as simple as entering your MAL Username into the config page, and BAM! your viewers will be able to see your Currently Watching, Completed and Plan to Watch anime lists, pulled directly from your MAL account!\n\nAdditionally, this extension supports full color scheme customisation!\n\n**NEW**\nVersion 1.1 now supports manga lists from you MAL account as well!",
    "eulaTosUrl": "",
    "hasChatSupport": false,
    "iconUrl": "https://extensions-discovery-images.twitch.tv/w31mkd2ijawq6agtwbq84jr7z5p3d7/1.1/logoffd03595-7c89-492b-a610-73b902464e56",
    "iconUrls": {
      "100x100": "https://extensions-discovery-images.twitch.tv/w31mkd2ijawq6agtwbq84jr7z5p3d7/1.1/logoffd03595-7c89-492b-a610-73b902464e56",
      "24x24": "https://extensions-discovery-images.twitch.tv/w31mkd2ijawq6agtwbq84jr7z5p3d7/0.0.1/taskbara30bb7bc-c6d9-49c6-bd16-9ad13702d6ea",
      "300x200": "https://extensions-discovery-images.twitch.tv/w31mkd2ijawq6agtwbq84jr7z5p3d7/0.0.1/discoveryd4c8aec3-8f24-4a0e-9a70-280c8ee47833"
    },
    "id": "w31mkd2ijawq6agtwbq84jr7z5p3d7",
    "installationCount": -42,
    "liveConfigUrl": "",
    "name": "MAL Viewer",
    "panelHeight": 500,
    "privacyPolicyUrl": "",
    "requestIdentityLink": false,
    "requiredBroadcasterAbilities": [],
    "screenshotUrls": [
      "https://extensions-discovery-images.twitch.tv/w31mkd2ijawq6agtwbq84jr7z5p3d7/0.0.1/screenshot6e7cf699-5997-4a97-a46b-b71e0fcd5a41"
    ],
    "sku": "",
    "state": "Testing",
    "subscriptionsSupportLevel": "none",
    "summary": "Fetches the Currently Watching, Completed and Plan to Watch anime's that are available on the streamers MyAnimeList page!",
    "supportEmail": "beakiebusiness@gmail.com",
    "vendorCode": "",
    "version": "1.2",
    "viewerSummary": "Displays the streamers MAL information.",
    "viewerUrl": "https://localhost:8080/panel.html",
    "viewerUrls": {
      "panel": "https://localhost:8080/panel.html"
    },
    "views": {
      "panel": {
        "viewerUrl": "https://localhost:8080/panel.html",
        "height": 500,
        "canLinkExternalContent": false
      },
      "config": {
        "viewerUrl": "https://localhost:8080/config.html",
        "canLinkExternalContent": false
      }
    },
    "whitelistedConfigUrls": [],
    "whitelistedPanelUrls": []
  },
  "frontendCommand": "",
  "frontendFolderName": "C:\\Users\\seknz\\Desktop\\MAL-Viewer",
  "name": "MAL-Viewer",
  "version": 2
}